accuracy_trend,time_increase,consistency,study_hours,label
7.807490389933243,4.273962831406568,0.42000407408140494,3,0
-8.21314673320463,0.5730485515530903,0.5832523923125568,6,1
3.448464375891973,6.274130241041305,0.24787335872842364,10,0
-2.349433370505402,7.953688288661094,0.9738004133571495,2,0
-18.143428949585743,10.707358823633024,0.5660716464481651,8,2
7.127298742226952,7.494439410147528,0.5498685627762052,8,0
-17.20411641311916,8.209915881211092,0.16333664808905723,1,1
-13.21762786968312,16.346106244264735,0.9303984201693255,4,2
-6.498240817213242,6.749085579284579,0.8706884554574393,7,1
-13.666221723258879,15.049366751729886,0.051293848981215584,5,2
1.8258769067528497,9.687823712016986,0.6938055569674118,4,0
-15.158979248348507,11.439917565671855,0.8054323292999863,11,2
7.324080129094398,10.948296807594517,0.7339053770018694,4,0
-7.768526880043243,2.5113115727450275,0.17129495782167037,6,1
-18.95981887321801,7.8382112588781805,0.6971636921379805,11,1
-0.7548655623124496,5.196562758805989,0.8860861088135163,4,0
-10.642642833898844,2.4422303184857586,0.11113714733201241,6,1
-12.784052444595538,13.447676865834072,0.8260646845482855,9,2
-3.6325363462380054,2.1118309195328,0.045294643613077445,7,0
2.138528421927763,7.209490102831078,0.6712708252291325,2,0
-19.099360035527845,8.890565061003192,0.5046190246076956,4,1
9.31839797699342,15.876362078160792,0.6594229620819976,9,0
-4.787527278191998,12.75803749105923,0.9851745550906748,2,0
-6.969155055763469,8.928838435930974,0.618772077041005,8,1
-3.0730454994639196,17.01149056030232,0.20152837800631285,5,0
-7.111314083094676,5.578761521469535,0.1291744452431104,5,1
3.3855010427219057,0.3240079467893442,0.8183804247795352,1,0
6.697401290885875,19.839254944772865,0.2940674621767778,5,0
2.9609009157412203,5.060526818405064,0.8655623831722035,3,0
-16.221344108619252,19.583031102012313,0.6738388982700046,3,2
-10.270118679454459,13.529674990412088,0.5942418273085972,2,2
2.9748711770472944,0.1080984734533974,0.0013462709565636999,4,0
-11.722319168583596,15.37162661826404,0.2262724300031862,10,2
-13.000015320520202,12.506603399089078,0.7470782671290289,10,2
-12.467596890044968,13.008504976477287,0.21233397428689127,9,2
5.483392186772065,0.8999364247084873,0.7341512590416462,2,0
-14.49642796549312,11.88283725512915,0.4113745714125894,9,2
-6.039891981815419,0.2736482952136221,0.08159872000483837,2,1
5.260469845202319,9.65426946153869,0.7774554671823856,3,0
-3.5556439181593404,3.492943717926591,0.2959320294366161,9,0
8.959081708911995,1.008335472044184,0.8903843208552661,4,0
-3.0824129973312893,10.005570704155208,0.06939408590418339,5,0
-1.9726398302274184,6.819171428711166,0.9172680665776807,6,0
-15.701556238920768,14.29437667004072,0.29335342144100984,4,2
-1.83556248422164,6.157727640324988,0.8375308340760557,4,0
8.377739320962597,5.916481949930721,0.0011120941961874076,11,0
-17.549981724197114,18.485741415893223,0.32582346077048474,3,2
-2.1961585188582866,0.324868864189074,0.7287780544506475,1,0
-0.048320329801068596,11.131568570043067,0.3427309254279072,1,0
4.945549993366708,18.36795084163116,0.6497880467642996,11,0
-7.939183493352779,14.578784002103145,0.7798208840100681,11,1
-19.999078434638527,14.2427409176121,0.35659617598620563,3,2
-15.553476137020262,1.8419750839917959,0.81527633109056,11,1
4.708192623945685,17.975757794746954,0.5531119710583715,9,0
-8.478720848266988,13.32535722958077,0.9888355313891645,11,1
-12.791026296488997,1.89930550456753,0.31491844458889573,7,1
-17.568841686048295,16.594457326432487,0.9767943728275862,11,2
-4.043847004849503,17.472370574744307,0.9955689004906878,3,0
4.374214631325149,6.538820486733505,0.3057439574472911,1,0
-5.328926740771401,17.191127938358736,0.5923013710620957,3,1
-9.059879712969902,14.770117570210374,0.6666170848793723,4,1
1.01834489183355,15.069442213191934,0.8728594215656645,6,0
9.840524955894615,1.8500087587792757,0.7803478627401585,9,0
-11.463758429691987,8.860674126752388,0.6171059444286563,6,1
-13.02376005137435,4.520663935773042,0.5510509532949324,10,1
-16.758663218707788,9.569821402143784,0.5855637287933019,9,1
-17.419035289011703,1.1405382800723873,0.10548342746103567,7,1
-12.987776238897673,12.755482836911831,0.8200675020556494,6,2
-4.303608350873754,5.435730321602583,0.39916679451101955,4,0
-10.766872841205528,12.272758059787677,0.8979352934437369,8,2
-3.656833190516334,2.713766355845586,0.8936352533461337,7,0
-0.771034157037267,9.323631822551139,0.1899361364575609,10,0
3.1134166322196926,6.7460567293497276,0.9415768527339338,5,0
-19.371976465198003,6.315463024989921,0.05688139777764656,9,1
4.996130697900231,6.0603501396406,0.9665475165520824,4,0
-8.121883214121505,15.125075828448686,0.4541836627367061,11,1
-8.899264275715522,11.00943554205881,0.790014841559882,2,1
-2.4637066022162557,19.386436245683576,0.37783921372718665,6,0
-5.998157186961487,1.5344565370577046,0.16605252148153637,3,1
-0.2569334583052374,19.95498778020401,0.4517394759814438,4,0
-7.9788749949660005,2.3029235679040228,0.8832736014262238,3,1
-19.994404154880108,12.279589125467876,0.6164281773718701,6,2
-0.552995935764617,1.2289258026157501,0.8137233437222274,10,0
1.9147743244689828,2.7071086994656812,0.19763922059113015,10,0
-5.67751431558939,12.036134678908946,0.5817366474211867,6,1
6.045078859795122,5.947230626169446,0.16253798746870785,2,0
-18.857410982020422,12.399371297483285,0.6981984306764998,4,2
-3.4290158654829703,11.904594654388031,0.8719130612805055,3,0
-16.50566450979989,5.085224628897292,0.2954679246267593,4,1
-17.62159146106425,11.317011206264933,0.9080185454216624,2,2
-14.837419026421207,17.57538499585829,0.5583523150641136,11,2
-7.016855469745433,11.913596483230592,0.08061540516960175,10,1
-5.90253883899214,10.04981753653864,0.2007709747566786,6,1
-5.694833668006268,12.601862537233268,0.8286529061182892,2,1
-10.790831533729454,3.9039432914376504,0.6784911686505812,10,1
9.632486172975653,6.513696041279065,0.39413604678262815,8,0
4.050528795739147,9.390373306912673,0.42265603378895833,5,0
-19.685190765801668,17.901305777024916,0.14914082593973743,6,2
-1.4620532046110597,6.836945709961841,0.8738749555210183,7,0
-13.19928043775229,11.33785592499072,0.351542260049698,2,2
-0.6813026165715925,7.6190369004695,0.05456540828269896,3,0
-14.321490622519716,9.186628816010856,0.7521286995435712,10,1
-6.722679622015539,0.9672542209756174,0.8204875844802748,4,1
-14.01765206724395,5.289436333343815,0.5035469815118861,8,1
-3.359389256348983,16.518646171000324,0.6314587925830206,9,0
-6.638404220663833,0.291343095025578,0.24739974705834578,7,1
-1.8473144437838478,4.409752788294985,0.6256507894272765,9,0
-19.369366798213484,16.392191061315998,0.8248537674871036,5,2
2.910768080509616,10.468027418440165,0.2267726253196457,7,0
-8.785756733989928,12.50659919408466,0.012341046060374006,3,1
-14.4662284682035,4.045878983164073,0.3867070570439779,6,1
-8.44692191530911,17.09611557598523,0.9524153059966436,3,1
-8.516476987908783,16.78293216141505,0.1453266924205041,4,1
-19.779975474914593,0.5161878572636347,0.5532906396230001,3,1
6.341005385333709,11.157473513201463,0.9597910204048502,9,0
7.526290289612341,15.556224889169014,0.8223391114568475,6,0
-3.761896671749657,12.911443628548561,0.0455851579486688,11,0
-2.323561569564337,9.085567935796451,0.4515655866055751,2,0
-14.90338780342828,2.5388882750994535,0.12328377929894685,9,1
-15.01775442999459,1.1821164175130905,0.6907263151132631,5,1
8.46942001141004,2.851131100662312,0.38213947483256927,2,0
0.17169438396113534,3.3974518880895266,0.05541588844224443,8,0
-7.676335700011647,9.792881520640652,0.4154430005920896,4,1
-2.611427083155899,0.4443696405116082,0.9885399870457067,3,0
9.03408212945455,10.997283567287964,0.9631590270650665,7,0
-8.205586115179544,4.73847987793447,0.09696567096542474,6,1
-1.474126548130652,4.1556684192338285,0.587697018287546,2,0
-10.040405857018918,15.632651161064944,0.43705152184218765,9,2
-0.5762617776336221,16.875100879745872,0.3249227944066413,10,0
6.2292200241124185,16.612455208635826,0.22465739764176662,9,0
-1.0784766652421212,14.793657955262162,0.6122757656938724,8,0
3.974739133143462,6.683854283462198,0.7308703457761604,11,0
-8.83639354274904,10.437686563158863,0.0679732998194037,1,1
8.715908905577038,17.80276106893828,0.6522751108990502,8,0
-3.542347548359345,8.054789694936614,0.5196116758030075,6,0
-18.224687844093744,12.656052213230138,0.7689200445711684,8,2
-15.237897098770715,18.98546212491234,0.879601496711762,8,2
-16.172894762858874,8.181702972697524,0.3543771829861353,3,1
0.07657089774600223,9.676050797212945,0.4183895333783335,11,0
-9.504368474574367,4.8760387542035915,0.6559033130983996,7,1
-3.395846713704504,11.40573877462781,0.2101071929123518,3,0
4.8249622490702,5.0908108584332235,0.4730275033430207,4,0
0.9801839875792915,6.611220046125816,0.74473672782921,9,0
3.887308283691617,14.700503723796468,0.6101079220362347,1,0
-16.0045362299743,5.226660357707676,0.41909947291708527,1,1
0.8205224231722603,3.655023319748718,0.31904507433223983,9,0
-5.112823342975583,5.712519771244862,0.7346083007105351,11,1
-2.4551656608262746,18.82948475012131,0.1744092671114995,3,0
-18.1729420070152,0.6186176278713207,0.7144141014704978,4,1
-7.77903427361503,10.427540429474824,0.8965746584690102,4,1
-11.733902985774465,9.890422502408159,0.12169530672667228,2,1
6.719753663855272,11.938904468263452,0.8101610899597025,3,0
-1.6506074183002255,5.914951251900414,0.2557437015483004,10,0
-14.576445483128614,5.375952300603963,0.19864457689740578,7,1
-8.458022704776651,8.719903611411716,0.5940494655668112,5,1
-7.205007582744166,12.308415596416708,0.08157492561136592,7,1
1.692149081490065,15.453419762563332,0.7148995340913137,2,0
-11.50146789522268,8.006256723459881,0.8118661240103798,4,1
-0.5186353929013272,13.377530620813706,0.7986557803566365,4,0
-12.02006920722026,6.65561737921591,0.5574049643141872,5,1
-6.244443134389538,11.29181277866927,0.6630272037231474,2,1
4.48237127030054,0.3789080674870915,0.7359179535519887,9,0
6.392572068830308,0.9844182908152321,0.2310808528744962,9,0
-15.87110796804916,0.018588337399221277,0.9032236273447073,10,1
5.773352729407495,10.001165183821733,0.6748932030541548,10,0
7.351776307383272,0.8057789146908423,0.5122147076770516,6,0
-7.6795210096915145,4.193805548604017,0.9765610233229043,7,1
-17.488251864639548,7.7187902187385475,0.37394713447906747,5,1
2.975759316542259,13.83311303733083,0.9656389752668004,7,0
-16.078480292307283,13.434177184881214,0.7293098004772062,7,2
-1.0394237473269072,14.522225186892738,0.3669614070072005,3,0
-7.176004154999328,12.904371516893278,0.7452147426908345,3,1
-8.051583527328368,0.1362939580025624,0.5234071850674719,8,1
4.756341137788933,15.901160352122623,0.32373082561042366,3,0
5.383726315906948,3.656267770784518,0.9562918815133613,7,0
-19.23290602730796,15.759402671818632,0.9032481050951305,6,2
-16.72959153077214,4.97079641854852,0.3169426217672814,4,1
-5.430594039971686,10.91847066618,0.9262052018843451,7,1
5.71692812109373,15.29301900769747,0.14669511401518154,8,0
-17.074769226083742,17.066584331175754,0.3281600723536078,7,2
-4.982620477075061,12.914500867021072,0.5105704087285036,3,0
-10.818585013136856,1.2736953500503345,0.17712714419825404,3,1
8.571602571961737,6.576452356972187,0.66231373873072,11,0
4.3583870391365025,18.914994044518604,0.3129195480288226,11,0
4.097347139944187,19.73126228228821,0.597839986845685,8,0
0.3316972360396129,5.04629472270306,0.8730431470152034,6,0
-10.785630556873654,17.193591701606657,0.9594721829554119,6,2
-17.355435255900666,3.8907006633696817,0.8205521392557188,10,1
-3.5327110507978503,3.7839158478070978,0.7203839985864458,9,0
-10.763776241768978,9.544001588359226,0.7930630283706559,3,1
1.2816646547315855,2.1080275479292454,0.8388538619040689,1,0
-10.872744085184127,2.7849368918821904,0.6120085299594553,6,1
6.591410858804252,0.9439340339475799,0.9614166196420495,2,0
-1.0587206706987011,5.4111851297598275,0.24879178873917707,9,0
-16.031361570468853,19.551799206900863,0.5826286460403656,4,2
-3.6722798895424766,19.515576370978653,0.3691361938092045,9,0
-14.8521089880443,3.34919489035977,0.4625935471051531,7,1
-4.834376248295291,10.155156763771377,0.1383715947205566,8,0
-8.09734830633412,9.480125318968902,0.4512666140731144,9,1
-2.13900889529382,8.302913079854914,0.42219223388067806,5,0
4.528701349134586,17.901132079996664,0.8532424691971175,1,0
-15.879147620939772,5.537399389840245,0.046063063681977434,4,1
-4.613757730841968,6.4170908549968715,0.5960501157609502,7,0
5.369605668320272,5.19206567416957,0.0016437571124496841,3,0
-18.358018792250423,4.084842127368578,0.4186951433276842,9,1
-16.83784142131499,11.076468812674511,0.5129793498209074,6,2
2.268766944608412,3.3562919129205726,0.12036357620998606,1,0
1.7208756631876376,18.576159213757705,0.430535820913037,8,0
-10.768915598304684,4.84349300694941,0.07300359289962732,11,1
-1.3600812753287812,14.374362265244047,0.11060359887316085,4,0
7.53522649280659,2.160579149831585,0.23263663838677495,2,0
-14.303740127122401,0.7791569269692844,0.39181089461717167,2,1
-6.4339256268938385,14.781828439859062,0.6865139430432525,10,1
6.323563798095066,15.463670025175166,0.671587742938926,10,0
-3.9509997977166798,0.7539544982970559,0.8080678171160226,2,0
9.606878361648924,15.091387224114731,0.24860488461330632,1,0
6.595075799257078,7.972849884261279,0.862922393510989,5,0
-3.960172307734286,17.17522859677408,0.3258813426157904,10,0
-12.95736734825086,16.37738541040943,0.3373306088457655,8,2
-17.940540015563833,19.837783918949835,0.9513968619791061,1,2
-12.99297916794167,1.363732395309254,0.18712427041050173,9,1
-11.259167814867666,8.347895646582959,0.3768668803471885,6,1
9.324887746266796,16.157312913679625,0.7374099443119462,10,0
-16.79597887992909,19.0680575876419,0.06022694490029745,7,2
9.813519261345164,6.292578178703976,0.6740175348839673,8,0
-16.325064141020324,12.698133183063256,0.12384602670581746,2,2
7.282885110576295,3.8025753263741136,0.8212501545597043,6,0
-17.66430441173691,19.10896382876135,0.24696116699189252,5,2
-15.82993384402767,8.801421501329969,0.4828512744101048,10,1
-4.64658630291558,15.388851588431136,0.9347955174927833,11,0
-19.56856292047541,16.059626026182077,0.9807938054145848,5,2
-11.474471128648137,5.77937049842117,0.3770539310016988,4,1
2.636107477073814,8.909058594685757,0.5922213993314405,2,0
-14.973003820864806,6.20616964209095,0.503345130606154,6,1
-0.35823954504671107,8.224081344237081,0.6633625340146814,5,0
-7.95507168305371,15.862570759261128,0.220508787136648,1,1
-18.805656816627383,5.479761989399437,0.9556494672664894,11,1
-9.430188372423821,0.8620021789664811,0.17909493932818155,11,1
8.433390939076894,2.8239812707436984,0.7635158436682122,1,0
-4.7557484400441705,12.404827085378242,0.47774212639953595,10,0
3.0390993418549463,12.571328012945663,0.6332632016094104,1,0
8.141924187043937,18.35294555808867,0.8874689402128824,2,0
7.722189665370493,16.40648176294402,0.5618637898095185,4,0
-0.9306403414216007,7.11915546941281,0.1485067816436808,2,0
0.6643151076996112,11.03872722120933,0.24183819541535312,1,0
-14.099354080615308,4.74966610338768,0.2998975929945362,8,1
-2.4046465688765366,10.521650368348059,0.7593108551502052,1,0
-14.205199747747018,9.426165491482424,0.47251544281958524,4,1
-4.481195535432406,8.262147954542884,0.19934548947118313,6,0
-17.8316915728047,11.515717255488232,0.8536545489411119,9,2
-1.7056171535564886,4.8160763214634645,0.38680724205188,8,0
-15.58510246715164,5.959544709916875,0.08975950056015713,5,1
5.467716084282184,7.945429456809194,0.24555062594449106,8,0
-10.769627315661545,18.521191196365308,0.16169455327398685,8,2
1.4408702570720244,4.804388664167711,0.4437713390922451,8,0
-17.571387916529357,17.53227654031783,0.7288698044883412,4,2
7.494674533465428,6.556763977000681,0.37208225496289593,1,0
-16.552809699142692,0.07674291015601797,0.5020081977391821,8,1
-2.077122722797398,17.61790321089505,0.04960590834948275,11,0
-6.048909973372702,4.539570789430421,0.7439051873021519,4,1
-5.378466749838713,13.82832115026304,0.26175110013448244,1,1
-6.654427015173775,9.780968008985663,0.35164987234190537,10,1
-3.3932440201292593,5.984640086021211,0.43085827538227073,8,0
-9.744528742482254,8.6738866264076,0.8484717744062646,3,1
9.573047487572236,15.82568584993367,0.6013840706885634,4,0
4.152919361234048,16.900792977932852,0.39505333785679597,1,0
-19.39930310803437,1.2501388302082161,0.38746646382175665,8,1
2.468894525811958,7.1396485893732775,0.6347441411040295,7,0
2.4810830993487087,10.913919376260516,0.20406438854660058,7,0
-5.459314491910776,0.5373530808987059,0.38048188549303585,3,1
9.018135711108929,14.30250039633776,0.9571348325397961,1,0
6.938656485550574,10.500986804907694,0.7072789119056672,8,0
0.42017119677210957,13.334630597151795,0.5109707430450621,4,0
-18.386541074678664,0.4417169060235948,0.35796119453276465,7,1
-8.369145354829797,2.7673640177638004,0.7381682705368436,4,1
1.843493120084993,12.00502820199166,0.7312505893473751,2,0
5.666533703076173,8.365822221869719,0.3094127948704444,6,0
-5.08238340227366,3.5683219312699155,0.10815501457335674,4,1
4.472361418783628,11.946247566614236,0.3936355202774421,7,0
-3.3350815949110597,11.678385785222707,0.20699360124505817,5,0
-17.355967070699254,15.535968744172614,0.8475476330547363,11,2
-11.776389085423979,16.553503895625436,0.7398678266004035,5,2
-3.939566958150298,12.706466934166421,0.19648696695621115,1,0
-4.457685044073168,14.960321533988047,0.8365308907609035,6,0
5.738047419919862,13.338548949173614,0.43539632339975143,7,0
1.5773560172749548,18.603304057251002,0.5275879732721657,2,0
-18.41519940905834,14.52169702967701,0.12130299800553412,3,2
-5.531779997553695,1.1462062002097362,0.1745898512471864,2,1
-8.607877855350537,12.343884542339334,0.9698188646337847,5,1
-16.27677896858668,2.4282981100994427,0.7211323573568237,6,1
-14.239298925909663,13.333713037850261,0.6233795659599071,9,2
-7.763311744781598,5.592726369864125,0.13637032746756583,4,1
-14.073322829645653,16.103487947207537,0.1857769546987078,10,2
-6.912619209285278,13.166148790121238,0.43771682493354136,5,1
4.15350553948533,2.7369033317271363,0.06971942583372948,4,0
7.679354188107162,10.04743639944191,0.3278839940182585,6,0
5.0924678973957,17.24979243796602,0.31599714112522737,10,0
7.616076553076642,0.24006054545365085,0.5528148757183491,2,0
-18.106808926533613,6.4921833702032306,0.672755986246924,5,1
-4.459687058717062,12.283724886380227,0.23660978270750732,8,0
-5.738424339335529,15.66000462694404,0.7501532294315125,4,1
5.1241755885632365,4.796399044131805,0.19495827149863054,9,0
3.0624139408753877,1.2389303715797584,0.5768079196382558,11,0
3.758068688912921,8.046140827647438,0.4249535190624304,7,0
-16.460825491158154,0.903027288245839,0.4378998871429123,5,1
-12.473290503976857,2.011254641668887,0.3932614850992152,4,1
-6.527644575953724,11.552261612742674,0.5709070537521448,8,1
-1.4834125101662572,17.696158940613017,0.23135764225940902,7,0
2.997878341361549,19.325485954963717,0.9700744566667069,4,0
-4.501172244371741,5.69200764609362,0.5172094276935294,10,0
-1.0768873948213802,9.112990988797549,0.4820173397769325,7,0
-12.043743890095126,3.3951840278565304,0.09564069602371594,2,1
-18.313271154470833,9.712685968266808,0.9128008004078617,5,1
-15.062021789012759,1.277595348618057,0.3173888500278852,3,1
5.561452474140786,11.184362635369162,0.5147421937567799,2,0
-19.519155306346306,19.273703773740984,0.37698616728684164,6,2
0.8475513934452259,0.21102244900379707,0.3940901527745031,10,0
-2.7300424100774094,2.5223064475082113,0.5817215274734767,9,0
-7.807503902779441,17.596754958829358,0.6486829533573645,10,1
1.577032571324402,5.431009103549713,0.31621512256333006,10,0
-5.71032943379287,13.395089024364957,0.40237305072246765,3,1
-10.971010411051349,3.6808954410042705,0.7564510879889118,1,1
-13.728888878422332,13.91589933881491,0.9442088383461076,7,2
-10.214892376152395,9.371139891822693,0.14795833410940584,11,1
5.418082298881714,4.120113571040798,0.9520956516529238,4,0
5.158266626018868,16.17141068294781,0.3179046737732836,10,0
4.4996572960487065,17.704777574151304,0.08670656759564022,5,0
7.396890588378113,7.759455087957727,0.8295658314283686,5,0
9.308966383798676,3.7386285888289383,0.44527402476470457,10,0
-9.09788204001719,18.76362345049445,0.2755667763091785,1,1
-13.545331351278334,12.549357975321456,0.9236648375496527,3,2
-13.855927728313715,15.959960704384478,0.7385460533969634,5,2
-8.026216986651017,4.845143151695348,0.20348799455531252,6,1
9.488406386641024,12.855548269598557,0.7176761577934996,9,0
-7.845543389647801,4.780290693318867,0.6288728969881755,9,1
6.086010154449394,3.6131508262260636,0.9476861770642796,9,0
-10.213384790572054,15.12384468213561,0.3937551415654067,9,2
-15.999665980508889,4.850885531659415,0.29169345072158603,4,1
-11.002118075808013,9.486173297368605,0.16802005219267857,10,1
-16.452848225835783,19.07890424987552,0.8655712200947645,10,2
0.22113602274870203,0.3332094248843198,0.3389447753484487,7,0
-7.419959587421349,14.0219517472854,0.41073154349101204,7,1
-12.307609169031746,18.679559482890383,0.13105863080429037,8,2
-10.678540150656577,10.289792046240775,0.8568353497231763,1,2
1.5178562759726937,11.64140262248447,0.7978046813410725,11,0
-6.293357847881994,9.502167298636708,0.3860509356518358,4,1
2.7078297802432445,13.782421809915164,0.8636410524171562,2,0
-5.583201774911958,1.3750781284497493,0.549717255163311,8,1
1.8063071841931482,17.480273426174314,0.22071258594441867,6,0
-3.269339264436418,1.092206064269381,0.9718453013254846,5,0
-7.9490932172067055,10.055003832192247,0.8394532342095508,3,1
-10.852906268448095,3.8535279297340064,0.12907124693088146,4,1
1.4614305153596554,19.465217660609834,0.20140630921335223,9,0
-15.014450011707524,6.654589530207582,0.9399243728857088,5,1
-19.78573754695265,9.134611857716806,0.32923061534139453,7,1
6.734202753805281,9.207107462696538,0.7096713435045244,3,0
-4.353470482670987,2.4929485798562667,0.961414540423639,5,0
2.9760527698759454,1.5842630001674163,0.047058379460018895,10,0
-15.9669971789135,9.354412319423018,0.605896815179483,6,1
-6.288210222026711,5.805102107450589,0.5619352535196633,8,1
6.799134813643683,8.656798421143446,0.5355424730977982,10,0
-12.473795848516684,10.193129016075213,0.9088654063190036,7,2
-9.925509060753964,12.30139508029396,0.9269075621458641,8,1
7.92995859137752,1.010147847656131,0.5473047441146843,9,0
8.766156195712298,2.856286089457347,0.579829576047725,6,0
8.56431751229054,16.472911895061817,0.7090015113263796,3,0
4.617753679724444,7.845340830470942,0.4475518551060619,9,0
-6.813111746813039,10.209202626928827,0.258792408364524,4,1
-16.539115960828884,17.393626466873254,0.4722264257562043,7,2
-8.212719931853202,5.17421894831269,0.34719216756221194,9,1
-19.814485320773098,16.213671406751835,0.948369552788919,7,2
-2.894551047359183,12.20392017971669,0.9423714394684146,9,0
-19.574100965848288,5.152639975270583,0.4499436742688596,4,1
2.4609543531746496,4.2628423862787335,0.8671773544513522,6,0
-3.853396943945743,10.6664709571921,0.4056452594472375,4,0
9.323696895515276,17.06634373333172,0.4983330282942372,8,0
-18.228495666251842,5.43328382727311,0.10375634353585639,5,1
-4.544989148402337,19.805703411698826,0.6113416562477262,1,0
5.555377775166637,16.34382101453282,0.01366168547060942,1,0
-9.591231488672424,8.636141902155545,0.7817798259287263,8,1
-9.92469538882052,10.277330514265433,0.7966448690151381,4,1
-12.851309883407254,4.487659595995909,0.5045029240548358,11,1
-19.72738895146351,12.96595054597603,0.511093821472398,2,2
5.343927435644382,1.5921015398501126,0.7069563184934227,11,0
-15.816492913845195,11.384129262588553,0.8679796267309029,6,2
7.77482123330552,13.199869002706343,0.3887684128615969,6,0
-12.125449762982269,11.624309549787666,0.7181679475605137,8,2
9.002026826053243,19.162762396089924,0.2476316430714387,4,0
5.123487852503857,6.459793663537368,0.8890121901109594,2,0
-4.217179602453738,13.755384127314695,0.2734745153749798,4,0
-13.090423259513672,2.128235258056892,0.8217524169853904,9,1
-9.395804238178382,6.312664307343045,0.49101976266891,5,1
1.3348026258329853,0.13593097172223567,0.763856500200214,7,0
-7.666597490154542,8.894255537166716,0.57654498995114,10,1
3.5899496618512146,8.102161091757134,0.002708149820452088,3,0
-1.7802674962080225,1.7715667927328815,0.6768722758275765,6,0
-5.237239689497061,19.72974803143459,0.27826766081876964,2,1
5.248660226283221,0.6070761106600853,0.8438128636583061,2,0
-10.709933887961224,18.756515999701342,0.6771449666716692,3,2
-17.8200323725653,3.9818683987185133,0.34782234743304596,7,1
-12.380457398712394,17.553843576556964,0.08956602431631067,8,2
-12.837446867419278,4.270857089806828,0.41114433647998705,10,1
-19.77824295667121,10.182708258431983,0.13931948237804637,6,2
9.293695883062306,19.093327137581376,0.8001375827520759,9,0
-10.901511817864186,14.33212597920062,0.3586613630264591,8,2
-4.822225995608184,15.554558201355862,0.858322938878858,11,0
-0.6654481543821831,3.6572905350974483,0.23240404621441313,1,0
1.0469579680882681,0.1965510513957569,0.40918258745848857,4,0
-14.719257348765986,17.324657405353406,0.4441839479215043,11,2
4.348810433345605,5.878335210098675,0.4463263599865612,8,0
7.2923106013805175,17.035806773210833,0.05257439781100315,9,0
-0.13046259381252767,12.193638165515548,0.9150984544900299,1,0
-8.096320237562473,8.624209697286577,0.5692979341347952,3,1
-5.766952575584778,6.675531941395956,0.5793134027884609,7,1
-14.77529922813811,10.937623475748659,0.7144596838857817,3,2
-18.46503480663572,4.657171137521885,0.49200172943208276,2,1
7.889488231039849,2.492267713566547,0.6524759555072321,2,0
-12.256770704797558,9.279708348807617,0.13328425808217315,1,1
-6.347730934388467,3.2710758906037474,0.30412384946803617,6,1
-10.945998324165346,17.994861568177434,0.6284069576409897,1,2
5.029743872481955,11.547068024393354,0.646407375228089,6,0
4.203207089463021,5.03613532101763,0.8237463879508005,6,0
-17.556583613265225,8.700291886804468,0.2926550976674078,10,1
-12.046602487545536,8.640211178607252,0.999049498103645,7,1
-15.099366507705305,2.086261747037643,0.14551548278735915,2,1
-4.1543221473093155,9.345219920150052,0.10671181910235428,7,0
-6.9298380163312885,2.5817239028492356,0.7422987567339443,11,1
-10.527697925478886,12.430374480680971,0.21986195636897687,7,2
-15.930155985188668,5.200960805048678,0.3850580557189617,7,1
4.634272741610417,19.389817988123564,0.4539261364217959,3,0
2.0776121912184635,5.501977631182489,0.6391078469947064,3,0
-6.8972654645877505,9.280008563928526,0.7890961116487567,4,1
-0.37338613912961094,19.963998153312353,0.07496004347001306,1,0
5.091357322311978,19.488786212769508,0.9756019191566524,11,0
-17.246671805864725,13.619065828071523,0.8793244633625606,3,2
-3.8242676145910117,5.1018686566475875,0.7678763636337114,11,0
-6.826080175854484,0.7989594657218868,0.36229349000020483,2,1
-18.07284272428622,11.853921332857556,0.8250353191428,9,2
-7.193158165300922,9.38049879435767,0.928555532894136,10,1
-11.74489662535796,7.959206927615144,0.9314789925966807,6,1
7.416288709653887,19.620897245089314,0.6618107285744247,10,0
0.4753519034860041,13.24464316659186,0.7153223105291356,10,0
-10.52994556507802,2.505024621924159,0.6555099718461126,1,1
-19.642460510652736,2.793847452058773,0.7157359264107953,8,1
9.491940988444615,9.879582982803758,0.8693523009923474,11,0
4.637782611185365,4.893101092094261,0.42130088163336465,9,0
6.313614029868642,4.863599605284518,0.5505706345413642,6,0
-16.943637075813303,18.22241002783915,0.8205075042321092,8,2
-18.537010435605787,16.874575854205148,0.43804407590538375,9,2
-4.188495305223089,11.65067554881472,0.6837882008898746,10,0
-2.526947693351122,3.7318019374633504,0.1882321997690456,6,0
-7.9655609152460745,18.955921320289143,0.3965905743863297,6,1
-18.529860650861792,11.455405533738915,0.8194956853860523,1,2
-3.7591208481160407,5.681167780808581,0.9947749545739061,10,0
-6.777828767472094,5.208062175758168,0.83839963809219,8,1
2.2505238697546943,13.50461675124075,0.20588198817832115,4,0
-11.486061708753525,13.877263237514645,0.30581351128366396,9,2
5.758003209474946,19.254651677222782,0.6283471175494444,4,0
-9.700970924127772,6.571412654645885,0.6022563023772572,10,1
-1.4514493695884028,15.629241775094185,0.7032772277324516,7,0
4.275844109702238,13.456633798408602,0.49722919501999574,8,0
-11.41594872625057,12.808945479865057,0.3141620638369721,1,2
-19.009641922990184,19.078735050528174,0.2099180457480515,3,2
1.3666061553147593,3.5178056683732417,0.23538326189835757,10,0
-5.492762428883976,0.29294254544973475,0.9211438801808418,8,1
-4.981414029982071,18.235702247635427,0.14661455715984228,1,0
-12.398618035119966,17.9015311832369,0.5739291361229822,2,2
-2.1894614027380044,15.096549167246625,0.30946257644618236,11,0
7.840427101881431,3.3084030425681865,0.0023234061319302723,2,0
-11.155482849596993,7.090964176572148,0.5645940812903215,11,1
-6.2658520232238,5.1792321004995046,0.8787465236769298,1,1
-16.89574809060246,13.131254047993046,0.9069855184382437,7,2
-13.307409964130754,10.913373299372696,0.6839751299151413,1,2
-5.92820766829643,1.4207484280668248,0.8183078176753029,4,1
-15.683961009700107,2.093208806929623,0.42294354374155774,1,1
-16.783328173745375,8.469640184986655,0.4523667592065702,4,1
5.200564957620955,10.899645562000359,0.08678295406499048,4,0
4.644137583285726,7.081291247101882,0.6558207673273928,6,0
-13.118194935368539,4.3660622362302455,0.054693174576267656,7,1
-16.916952720506547,3.443949588472661,0.43098372884820313,3,1
4.971731251057239,19.832486859224563,0.16361620413827627,4,0
-19.794777555549093,9.340357330434834,0.6856517492651993,10,1
0.6003583517238837,4.872295839643885,0.798555838130599,3,0
-13.291621406220056,17.141938792198317,0.8171070991667613,4,2
-1.0809411505075843,8.602854641936526,0.43776505498812845,3,0
-2.797045239330167,1.9668984318042626,0.4492745469566498,11,0
-14.756561453751985,17.49487299313132,0.7374314414271221,1,2
-5.777712076764271,17.51370255172212,0.27143086427605323,2,1
1.631639826936155,5.143047022181917,0.7193881555748203,4,0
-1.1973995437300644,2.9219313108264044,0.8230035744469347,11,0
-0.4315666154466129,8.103942851506593,0.5960435954776472,6,0
-19.49261600235178,18.191288547606025,0.2696300087671828,10,2
-19.788712561275744,16.109920920644885,0.076795684286734,7,2
-0.11420637096003006,19.308972692012425,0.9158143481907439,2,0
3.8533084758017395,2.714917061998021,0.9774381842040123,9,0
-18.14712841129401,14.687000706705915,0.5217334188532456,2,2
-11.848472033054609,16.31911578830413,0.37831560716525947,9,2
-9.733234256632864,19.627666684825602,0.6296835952592029,9,1
1.2689280137133245,18.122018573608514,0.13773409888780863,7,0
-11.555680926472418,1.4013739144237891,0.05662555737755803,2,1
-12.68875364286972,6.117896265230398,0.48313464556549945,10,1
1.257506373034758,14.637454745730016,0.17396370590333865,9,0
2.585424252741518,10.000678311392159,0.12781184436038273,6,0
-3.956016011564227,19.924489860892773,0.47453356262244073,8,0
-7.037981448001467,15.927814452394177,0.5954148016201084,10,1
4.408264401020677,14.299056471035543,0.24879706375314792,2,0
-7.4785117459858,2.8862408737496303,0.09355940691233555,6,1
-11.685669443799204,8.9935395436744,0.3452645520570531,8,1
6.459266654218222,19.181684845648068,0.19234636315391507,8,0
5.913688688950099,8.135474971440104,0.7623612137071728,8,0
0.6937374193859824,18.909897211190003,0.6321201219156514,11,0
-6.338152842561776,10.360306978170396,0.007463140417219405,7,1
2.392594900295471,2.910346007748499,0.8779783824996591,1,0
-13.009431068094957,16.26284008963451,0.5884312404534523,8,2
-12.898385724385012,12.56060929139074,0.8299395932124434,10,2
-2.0710268039329875,14.778609106989444,0.029169892290743293,11,0
-6.557435381507705,9.758003905586037,0.2042564679363964,10,1
-9.23772468371334,19.912903533486986,0.48018351526188785,1,1
-16.079821087602127,5.819987791293261,0.8689591050208962,2,1
-6.466097906064757,14.373985319455919,0.5862354987807616,8,1
-1.437590526271812,1.6335952973270795,0.21772489879890222,10,0
7.44526449554964,6.708136269926939,0.9522640145333723,7,0
8.046791396635257,12.74171777709431,0.8986677015526638,7,0
-15.516912244451174,18.598711881481712,0.45870511566753824,10,2
3.3395491471281034,4.409409619987397,0.16456605842933492,2,0
5.593845157307097,18.671609120133787,0.9326022075036438,3,0
-4.481834907370683,1.6842602235419668,0.9845758963761131,6,0
-9.237327139361787,12.622340557844696,0.7148984380772886,2,1
8.975100064227508,3.4956997576673188,0.6480303180552142,11,0
-11.316908959099342,9.592501934889162,0.9728441586600224,2,1
-16.986273509570946,10.183159311252052,0.02466995454048715,8,2
-8.318306609993796,14.652253984807974,0.6847251638810046,3,1
-0.9420503792275738,0.8311969654451712,0.20679767604414412,9,0
-19.410455517594567,17.58786113614391,0.9656098313808841,3,2
-9.844793617235814,0.14183625548741974,0.680250688330374,3,1
-7.76186544896477,19.60522415632998,0.6501132234192136,9,1
-19.054608707533653,2.432105186961142,0.6330851264962384,2,1
-8.938245335874623,15.394628365937603,0.8109351926726106,5,1
5.325576874722451,2.786046774158286,0.5202319605040254,4,0
-17.579906978264678,13.446965352857296,0.6891814104275167,10,2
8.094799939306771,16.510696830408314,0.7913107143126669,8,0
-3.73918791000861,19.36417681725811,0.14785243786238378,5,0
8.567802350869712,0.997202927983285,0.14990925324713966,8,0
8.947858045054776,5.470840580038738,0.39965800208575364,3,0
8.811003238663908,0.8917618546828798,0.14306195272340239,2,0
1.0409068093132419,0.28745903555555286,0.04951262970229353,5,0
4.679724054412819,0.26562406917160164,0.5420152984797261,4,0
-5.030961673376208,1.444263706703759,0.6844353610693075,2,1
2.9663010906760796,4.203839374376928,0.32344285510019677,3,0
-0.5522913776653411,3.4477272421033245,0.8723945633548149,9,0
-17.48627082355215,12.861219870800593,0.7625340377755347,2,2
-1.1950128675479839,5.0639781402562045,0.8036934518773025,3,0
-1.3309106277792146,18.688404336850276,0.2065344039720064,8,0
2.604268163394419,2.6494131268385313,0.5469155137931242,2,0
-12.179745267782192,5.937913485360859,0.0006275166284561706,9,1
-17.02287005240957,1.814417654956617,0.2626954770019353,9,1
-16.943247380853414,0.3184053452559721,0.6161829652125973,11,1
7.086040702964503,13.935096298708087,0.09664058416487142,5,0
-12.92952396272345,14.273205662243075,0.8736780345607488,1,2
-8.446816310302388,8.357679932352193,0.044509039276171336,7,1
-7.173744339208639,3.217205869701958,0.7003478888665695,7,1
5.59527436773401,11.626420394501068,0.07892985503841232,5,0
8.084891246529896,10.270357334835401,0.950279223611407,4,0
-2.4681223523162785,15.937231405523821,0.34096656346248466,2,0
-5.290625317705151,16.93570003739491,0.8319415416880521,2,1
-2.3629302531555645,18.6908049124372,0.7260613260624744,3,0
-12.84988368116009,15.879101694311812,0.4864827657324229,4,2
-3.2767709850920035,19.566616153544956,0.7731676917469589,11,0
-10.847009395414203,3.3771857873407063,0.4606727916549932,1,1
-18.945222491864175,6.4629043455883455,0.5441086239394686,8,1
-17.53967776375437,5.969861961499266,0.6723618579321944,11,1
-8.679545683090652,5.16453626519966,0.24346704406676012,8,1
-11.721535155284373,14.620206982789663,0.07662240199220272,5,2
-19.365505299517512,8.37865955967892,0.7758650652027869,1,1
1.6830602803238683,18.906140805032734,0.9170767794698133,10,0
4.549015283181454,13.666527252554598,0.18356411421693286,10,0
-7.133468318158695,3.7797131994235023,0.28179735039649245,1,1
-4.423790761896196,4.687401813557511,0.12356648740157616,8,0
8.31299146636043,19.529793222957743,0.37625932933042194,4,0
-3.6552597297970486,5.394849317475341,0.7023987210805986,3,0
9.673759573262,5.300945748185666,0.6720595026617354,3,0
-13.937571917404377,2.201475203621144,0.3833878636319985,11,1
4.068210914424334,15.734460294670816,0.5097260752881797,7,0
-16.545326377913888,11.762521309357098,0.6669657034871818,5,2
2.6893029094088234,10.793235778063048,0.07748362655548269,2,0
-1.3832945892962414,12.767001302614617,0.6993847409873672,6,0
-0.8779255637233518,16.036517997510302,0.46637459450454855,8,0
9.432928735405287,14.807565938820396,0.11800602661937487,2,0
-14.956457072068247,10.245211277525211,0.4873748079212449,3,2
9.807345184576562,3.497678723897253,0.67264434352679,3,0
-18.490312011960082,1.2581495203604787,0.1873467913267889,7,1
-13.913804722572962,14.912566650410039,0.9956190596227067,6,2
-5.195600057813669,18.463479772385295,0.0158518422318763,7,1
-8.830787042808566,5.093275317799238,0.48895092643845206,9,1
-13.858416381500032,11.330363311756601,0.6495429586036605,2,2
-18.415223182741926,12.516823899647516,0.05450927741371958,11,2
-15.213801299347292,17.71118887171263,0.010010410559136429,4,2
-2.849633649507844,6.63315688354035,0.7230571254603297,1,0
-5.026740256771804,2.2028456583793288,0.3895160259454087,1,1
-19.52912283211161,7.201992615642265,0.08982212942560475,11,1
-15.631140598837298,13.94863234474385,0.6428065910861737,2,2
9.995477334592007,0.04368285714497544,0.6386726361204053,8,0
-12.696721497037679,16.84387461746229,0.20930607583420857,8,2
1.098401621267513,8.050527109802841,0.9200400525459036,6,0
-12.119907940085463,15.345583550312602,0.92666555388687,11,2
-9.883625287811427,8.045208273670841,0.05122429640431325,10,1
6.662574512508172,13.85028025522386,0.2435283388995363,4,0
3.1852025027951,16.063410232654622,0.153412882389088,7,0
-3.027739217872959,0.3062117325381086,0.78057272582094,7,0
1.2168498500626974,3.8076357259406945,0.36672190859379905,5,0
-16.358842263541412,19.718683372498354,0.7806820746878623,9,2
-2.643082031619368,18.226836324328175,0.5540992803958261,10,0
9.162380064236714,3.1831816798765966,0.354154196759495,8,0
6.004644570654676,17.879461149250094,0.9197925717794363,2,0
-3.6762199411069716,14.810190424366372,0.7569268451270138,2,0
-14.923908449682447,3.7505444582433323,0.010551636815900545,9,1
-6.085705259768712,3.4795479904360715,0.3374770457129719,8,1
-16.531831681654634,7.772618912142056,0.03722170456932916,5,1
0.19334044373585968,19.814976187864378,0.8828231626784937,3,0
5.54611515693777,3.1322562978529978,0.9747600813361953,11,0
7.090836204784349,1.0170684727164225,0.8635568029983097,11,0
-10.90802716474695,12.764488300812229,0.35000686847317874,9,2
-0.06728640221966486,9.055086754174802,0.8355402245437075,7,0
3.252454010173576,12.438734675134185,0.6067928958213368,6,0
-14.151716930895205,16.53735694346724,0.5626554229027424,11,2
-18.126671750782275,7.678940178083105,0.4444409576714987,5,1
-16.925110124323616,10.709298993139083,0.08514363655608215,9,2
-15.71643089996346,7.788693601553465,0.9517024063905372,5,1
9.778766453586105,13.966759425588053,0.2937944706543275,7,0
1.0647029559071157,7.434539692329212,0.017713850609389015,8,0
-19.34899714173375,12.623761561201423,0.16361648874255508,8,2
-6.706179640312564,7.523809375392442,0.36734051527727996,1,1
6.659263415095516,9.676999400664466,0.7284224872994381,9,0
-9.734407827240277,3.889270383646275,0.5619481099932393,10,1
-0.56839836738164,0.5859888620683673,0.6181029655616969,9,0
-9.200227436628264,1.534467989120456,0.4262977174034259,8,1
-14.199822991638435,19.014894264253435,0.40869956227093396,10,2
-18.41870630439683,0.7513245908796118,0.7171814470467577,6,1
-11.982239445588148,8.43022365020581,0.09439747590385916,8,1
-14.952902626745244,3.7986948732204007,0.46071217134827547,8,1
-16.84341334285491,13.440395243610702,0.6354279207029719,7,2
-7.468742990810725,1.4617018205230048,0.2736663849214577,11,1
0.9359318605643274,5.3650071784462146,0.9993362799835043,7,0
-4.453828034524374,0.7505731506360624,0.569230212091448,10,0
-6.596489704753655,8.950004956208566,0.9550229196116685,2,1
8.350512827454821,13.472196639933902,0.06489927953840946,8,0
7.180572131330894,10.831938455969738,0.6294237111171005,2,0
-2.53565591555774,7.135409806985025,0.16427044945592806,1,0
4.9060865303728605,13.280244561352045,0.33836786592521584,8,0
-1.8084164905084172,13.549267084799467,0.5257703366832255,7,0
2.2392612505228655,16.552205226983066,0.9678645659513553,11,0
-16.812628745913184,3.473432739086797,0.6901710706043321,3,1
-12.600306594656665,9.192295034658528,0.6285039000835678,3,1
9.754953773908909,5.322159123385983,0.833191659785454,6,0
-17.355732698276235,8.27331047166414,0.750160832954601,1,1
9.71928211516537,5.5578225197551205,0.49818929917397914,8,0
-6.781906578224758,17.139002597387762,0.6842090751884866,11,1
3.8885704882840315,11.661353688442873,0.9602180723828246,3,0
-4.318716377971969,0.4718393556159173,0.41373289758032983,9,0
2.443170036624675,4.165553503070916,0.20522008729407182,7,0
-8.118365676935998,3.98313795194134,0.4247941813314118,9,1
2.0575364892038053,15.946736112999254,0.26941788932957167,11,0
-15.880898745751868,6.726914534311639,0.5867481189673429,9,1
-15.292921275616397,18.95130252648086,0.7668488978177731,10,2
-14.573764267239909,14.695236227106887,0.25214395583894356,9,2
-4.544233215853589,15.493052395860351,0.562144753827585,5,0
-8.639773700816493,19.088455606421476,0.8741689214820684,6,1
-11.934153650629803,0.42073804920937263,0.7228392039002123,3,1
-14.05381204293441,2.8800644783964424,0.9994678942025802,6,1
-5.47360581957075,1.2720287275559472,0.5516879678064617,2,1
-18.512194753397416,1.8936198100959012,0.032856697740396346,7,1
7.199598908559967,3.8248425815224274,0.6154289150329266,3,0
-13.088147854563069,13.704029075397322,0.9818971400352456,1,2
8.445955202292023,9.73502096704631,0.7023249794197068,11,0
-17.883498088703163,18.680659822612785,0.7663512805573902,7,2
-13.409535998725211,8.981667853522268,0.7964517695378094,9,1
1.418738435943144,18.493172191644934,0.517131892010638,8,0
-3.7976203423341275,14.99228568775547,0.7275630354322007,3,0
-5.525208184170111,12.451507956655634,0.010046981054831594,6,1
-16.628422031254225,5.370098345056706,0.4924017592043357,11,1
-7.26883921839096,14.293921780132443,0.603792757286118,10,1
1.1795579815245532,4.7641887095123225,0.3886747506709505,5,0
-16.080968553279206,7.436735691328389,0.02583897222001119,10,1
3.414134151404646,4.023504645777589,0.0800634025289656,10,0
5.233219268166103,0.7193151242682561,0.6583995953770418,4,0
3.1442003457881924,18.30277640809792,0.8545154359107495,10,0
7.69506135262538,4.132863697834106,0.8741091180258305,2,0
3.9724643731586333,10.169580706160522,0.23290183864948166,2,0
-13.717469875344372,10.74166911180207,0.7372192235713048,4,2
-13.64605550355492,15.850795352426735,0.18690729645011817,5,2
9.95682419756886,0.4963442289029829,0.8352440601588657,6,0
-9.216061344381693,17.167388134393168,0.23260386214875595,11,1
7.7857895924388,0.18196362561551993,0.07541217599278827,7,0
6.038999260063935,9.993664605658083,0.06134387448386802,2,0
-1.7908065117720362,3.769997055911223,0.8049668338816853,5,0
-9.908188297912718,10.380433871571116,0.9792632914045163,1,1
-3.2259003061109475,10.055668836933611,0.1444364841550776,11,0
-9.976860437403102,10.436617506103786,0.5856543354287992,4,1
-12.2388478902714,0.517921404989703,0.2852117446533321,1,1
-18.411921932935453,15.098650795701008,0.9551751604781324,5,2
-2.190542446779176,12.157256481619608,0.40336430502635323,6,0
-15.354758160576353,7.123878869227589,0.697013013934263,6,1
-8.406123070161943,8.404992036150837,0.5621108826232295,4,1
-6.429408845638513,3.38844804186494,0.6368214642843528,8,1
-11.879491870948067,7.409828741190285,0.5689214058447163,9,1
-0.13664522575462357,18.25198691182781,0.8737946904198807,10,0
0.07462466604552276,8.20607443745324,0.4707009994910616,1,0
-11.390396015853701,4.997752128618003,0.3562498946037801,8,1
0.8535944783730187,12.324812986612246,0.4828785341158436,3,0
-11.830538084567516,2.350036804247466,0.2519982216440717,11,1
-2.5523348645073405,10.669604174895657,0.5963935996924615,4,0
-13.631674541434567,10.402696955693697,0.4747211271282129,10,2
-16.128046255128112,10.737182930052366,0.9365702180708392,11,2
-14.139231174541749,1.7349727100276313,0.6054444853053423,5,1
-18.909777550512725,2.0369453028476547,0.7284939338474402,8,1
-2.2948767905076792,8.454051390543455,0.20087718014022826,8,0
-16.60306330222624,8.12732810554923,0.4850729091426954,10,1
3.0151215534718254,19.453774865221707,0.28584144866340944,6,0
0.7863528308995669,11.117416283979187,0.6995278704025719,11,0
4.533652917682581,10.9865273037203,0.929791722630503,9,0
-0.8187559837167342,6.759975620569801,0.9068665773398359,7,0
-12.323823775633617,8.141535587579604,0.6776815411176983,3,1
-1.9405594107664257,13.94895656328612,0.09049631109586675,11,0
-7.682039082852002,17.971938211379403,0.8962567164715789,9,1
5.769416413666605,1.7754653391246533,0.8649949762077763,4,0
-7.737687115744164,8.578379189874205,0.5855612934974469,11,1
-12.464239861865984,6.41135172032998,0.1349784860716421,11,1
-3.208476922150595,7.180015361585275,0.8083578224980739,5,0
2.3935638657134177,17.870199427866357,0.756789222902397,6,0
-8.163466121558805,15.853851456987558,0.27914413322230447,8,1
4.231071071321711,4.926964944846038,0.06325340889867959,7,0
5.762349055887405,12.675665694945753,0.25320116336997667,10,0
-18.696999282930875,5.220567830716963,0.8757625388591553,11,1
5.932089615831931,6.187371241600257,0.6941316539762369,10,0
-7.973535946162688,5.947866641239794,0.6817248504123421,3,1
-17.817912146684105,15.802627474522167,0.21778080176756853,10,2
4.096363697322797,11.237539124830263,0.7408832067219855,3,0
-9.233939270184237,12.20086690915503,0.38248446058259433,1,1
-2.863612467454484,14.90795478283079,0.3789559098125076,9,0
-7.807811395970138,17.025223347241205,0.7984842429304254,4,1
-3.6474976142032958,13.229324106473037,0.9032736222389142,4,0
-5.0540384131494385,8.773355440631509,0.21827319878149376,10,1
5.710870849917338,8.302143537098651,0.08933990229186684,7,0
-5.941945696354706,11.826022978464895,0.8868409028316071,7,1
4.8274365244210635,8.553381716483381,0.5960639311005951,10,0
3.5975041249451962,0.34576089526726417,0.5496846136565783,2,0
4.217849479787514,9.192655087129204,0.2236025483236711,9,0
-7.500918877587484,3.1001733483350913,0.6644506570932596,9,1
-14.663606136181143,17.770665770489696,0.4419078449789259,1,2
2.9275479420818655,15.799490000335457,0.6392954726654575,7,0
-5.6867054691822165,19.891285133690495,0.6791716995379928,3,1
-7.763172896594288,5.748050676909651,0.5578791835778856,9,1
-2.3795662627091616,3.4842135014278197,0.9628916341780376,11,0
5.105902666797768,11.44630371260153,0.9992072989434408,1,0
-2.054375001844143,12.036526972660957,0.0645007586865618,2,0
3.785201358205814,18.11513581272896,0.9750871697076813,4,0
-1.6780466106614007,5.285995055475099,0.2872413479748408,5,0
6.100747765604968,12.722112692872372,0.16473089608106173,3,0
-11.38226915368797,14.73589137420394,0.45341623062426806,2,2
-2.3556887981120553,2.7656634680949543,0.4261223709724855,5,0
-4.9059933575504076,6.3187164477127356,0.729240249097568,10,0
3.3501768720267613,18.82429388241371,0.8618803311182572,1,0
-3.4836409814001357,16.51776452853629,0.3035039091479522,1,0
-16.803462583516612,13.767152498273154,0.2597944161711604,7,2
-10.614661159829955,1.9608907622187965,0.5268171660504134,11,1
-1.1640852199369576,7.304558525137638,0.5354133355114677,1,0
2.184239616523403,8.526365879814026,0.3337042075756299,11,0
-14.610291024894622,1.995271154056848,0.0545118899108592,11,1
3.8663317577994434,9.542927519780985,0.13088113855357597,4,0
-3.9358827622598547,18.71498523049101,0.5976131909324605,6,0
-5.533243089880203,10.406472523827714,0.9752445352839586,6,1
-13.541928626424973,16.222091326106362,0.1972426661670168,10,2
-16.266973761597345,19.243917525559826,0.2899247626330286,2,2
-17.329707953119737,10.230512816189862,0.9185215304431212,5,2
-15.304123597527763,7.332754001929129,0.6191214000466962,5,1
-11.334817565674594,11.712083356790144,0.5913517040532095,2,2
-16.365336162170436,1.708169656165306,0.9094436640366311,3,1
5.123526845042015,6.197312988169694,0.5075090944693315,6,0
-17.847939687577252,4.5351723480103185,0.931490386918926,1,1
0.6947107869291251,12.048822197228855,0.10724683349584607,11,0
2.0643516499974304,19.841495291827126,0.6291468339703191,7,0
-17.84279848050663,18.18011177671406,0.9577666581762225,10,2
-12.982315376618454,4.012641802931469,0.7151367768111756,9,1
-14.610463461339744,11.56144204024825,0.9579793532488906,3,2
-7.174773272220513,14.65676674544831,0.33630809441374976,2,1
5.677755687738934,8.693562966329404,0.1928396089422456,6,0
3.0629254216348123,5.311751966147198,0.767233394159223,9,0
-17.746312695364722,10.713201234562241,0.8544550831854034,11,2
8.099839137540428,2.125570231410716,0.8419835280582263,3,0
-4.700447620595087,9.21165101389333,0.9007601624507324,2,0
5.0469828509317445,15.117727591356328,0.4834022365230042,10,0
-16.537911220567757,16.03078921438151,0.5293906213475335,9,2
-13.108511489503048,3.991432317918775,0.03778450659567967,3,1
-12.12469128550503,1.0469435686262618,0.23097931052806364,1,1
4.034922015254761,7.54357583568487,0.9033360065227052,5,0
-18.25347463773981,18.540083202028164,0.6484549141814349,11,2
2.6518124444854827,13.446536199872824,0.5312010468195962,6,0
-7.64160354163209,18.688215891424296,0.04846423247582232,5,1
5.515349559312,17.556946220331284,0.549428612288516,9,0
-8.532880399565258,5.6358329501853195,0.7219831469516448,10,1
-10.383103269172263,1.8704024719581902,0.4271124464193341,3,1
-18.396238621855456,8.913835804934928,0.04934956369742127,5,1
-8.518124260466863,15.14378239363939,0.30564849683618345,9,1
6.01456453003366,13.46016332577354,0.046964422407667294,1,0
2.8988473599184488,2.7300602416716435,0.22867075138460335,11,0
9.200996984568619,15.811351053823104,0.24294536168704395,11,0
-6.596835234811794,0.1419306498977435,0.8193982309664928,11,1
0.31902059006978334,14.052591528758317,0.9559800588260723,3,0
-10.428682103815778,19.379357241645994,0.9330776530661451,2,2
-11.055489311703331,2.529284908071423,0.8425545014651813,1,1
5.512884630367839,8.286540280404154,0.1123860493222607,10,0
-1.9494017413860476,1.2136613790136463,0.4133424598711922,6,0
-11.224549389769068,3.3494098110008497,0.37900583317819947,4,1
3.1372922209953416,0.7762589562360422,0.1941287704459722,4,0
1.6336826834429878,7.053822403394694,0.3257022115777023,9,0
-10.903754187209753,8.588957941574051,0.4707059473159374,6,1
-19.06795609266631,18.938057989210336,0.24071258566350673,6,2
0.8162960596484794,3.1926551354688026,0.896281552163788,9,0
-6.331231539343994,14.115181020739698,0.820840236704851,1,1
-18.836016358133378,3.7354505646225866,0.8312458050899425,7,1
0.7007747182196411,7.743665483118686,0.34610850016440764,5,0
-16.96171628506981,13.517852456604214,0.24872539379062464,9,2
4.17717527600324,5.593477130928863,0.19152132205014816,7,0
-19.368266493310397,0.728508866034403,0.9025421148429531,11,1
-9.30785792451006,14.953036491299557,0.5506905446947946,1,1
-10.708002531619638,17.175040512183678,0.7004548654243579,7,2
-5.199752358428585,0.8013817269653334,0.9843219788140413,1,1
-19.912648464986336,0.18839711944890647,0.8087929731926939,4,1
-2.4266518720685717,11.735358156891824,0.44572982090286917,2,0
9.904231380365623,3.0736827161449365,0.8629640464754754,9,0
3.519155515167686,7.896145657565121,0.646046944096596,2,0
7.9794430162743595,7.66117612842007,0.7295214219764384,1,0
3.858635471430528,2.7098903785768957,0.4475699505079721,5,0
-4.182345501479686,18.59740964587758,0.48379689658279634,6,0
-6.093457463440275,17.7567584518576,0.45512423103276944,1,1
-7.880711500907493,9.202343664066511,0.0151741990464217,8,1
-6.498442083383235,6.75634086643128,0.3880987353441572,2,1
-15.354719551393178,3.658458519241694,0.3650475666926015,7,1
-1.3048272640343832,1.4885683687703133,0.5036917612374446,1,0
-18.251740953182765,18.423254733890982,0.8744170036666784,10,2
2.14886531434923,6.7121848848180266,0.7651065916331309,2,0
-0.5569361821678562,0.3671676799844792,0.6539942214202483,11,0
-11.509980937127668,0.7595193513921306,0.9945941872219402,9,1
7.696712409556856,13.785586424516742,0.1271026137707404,10,0
-2.2255101829521067,16.711434101812973,0.04366092871300853,6,0
-11.737102890815814,19.35479909318172,0.3215418323978714,7,2
-1.5979446043348666,5.233427332750129,0.0669910943958476,10,0
-0.07697986556327052,10.560948980075986,0.9694414691322568,5,0
7.548551061398733,8.160809232056332,0.19127737103739706,4,0
3.630305210072624,6.220733345206739,0.3268932630556065,7,0
0.7771840023274557,11.437950449179075,0.9074631763464255,8,0
-3.978916603860302,17.589253870237847,0.410023786741743,1,0
-17.88617966999125,5.5628728089782165,0.32450664916894734,11,1
2.570055339336548,18.231824556122532,0.5541261633582742,7,0
2.918895889768539,0.10157625951454419,0.9177586426351607,9,0
9.523566514787117,14.725078959209243,0.774251147700671,3,0
-16.02277767546553,15.493458743635966,0.2648163217783188,9,2
1.5987861810843853,15.076274259567379,0.21905917305988332,5,0
-1.4656041623214087,15.399472364132018,0.10395937591238957,5,0
6.706620116636682,5.406971809911687,0.822760243032332,11,0
-10.44644099582587,14.618560718660667,0.2877184344900293,4,2
1.8966735311079326,8.218658099255165,0.6292191930082921,7,0
-6.8447594990309,12.22046823083849,0.6241920728962704,11,1
-6.252400557048562,5.248321633924289,0.2417645074796816,11,1
6.604946184068776,7.5669516336529385,0.7497257467835433,3,0
-16.97156955091878,19.237764774514158,0.65260201521544,2,2
-13.684145346781609,10.028829473958215,0.23362476364856655,11,2
3.1367444587121085,4.562007558047703,0.9222233181548601,2,0
-8.602271271139564,10.038711615617213,0.6050712534377437,3,1
-16.608410964964698,15.148502067466495,0.7575483931333713,7,2
6.598464669680666,5.260723550778605,0.22455946926889636,8,0
-12.047324937438916,14.68619977966215,0.6359395767414336,7,2
-4.448011201008045,2.2521845869844137,0.9339874185126172,5,0
-12.417024201465079,8.132730537699409,0.3831644685591258,10,1
8.306594369482283,18.05067765277151,0.8721611519695065,8,0
5.627741846618186,15.63270890886421,0.103512947006131,5,0
1.4410694914677293,18.754092307587353,0.9122545611011557,9,0
9.201828743081297,8.773694057995872,0.5407575018873564,10,0
6.8525551829894376,19.441069492469765,0.859324951070476,4,0
-2.9157045601096776,6.863477144145671,0.5615843609669081,1,0
-6.728187777554192,0.9213833935093518,0.5438779211611176,9,1
-1.6048891777064895,17.376021916356407,0.6619015764719286,2,0
4.582835610110951,18.111642751462643,0.11975996643219722,2,0
0.862320129091728,16.509166515925703,0.056002308939000156,7,0
5.883123323776768,3.258053089547881,0.8124136576239005,9,0
7.430213279994504,5.305701781721048,0.9039530651898893,10,0
-8.151644419356137,5.080620355979719,0.9821351844361504,10,1
1.6111963819660886,8.88959955955582,0.25629237536921756,6,0
4.510014504928918,8.175860345423452,0.3267730981550452,6,0
-17.610382171387315,0.9712544659132338,0.4479536971811856,10,1
-10.378635050471184,19.278320241463767,0.6415796812433943,7,2
-19.10791216116192,1.4346347562981676,0.659869866829039,5,1
-17.16330965676835,15.167695431798355,0.6060138319360813,6,2
-18.486332881396287,2.0912572950868302,0.8810040848147078,5,1
-13.765284756234927,10.081401594968487,0.5448816860293935,8,2
8.494876164590973,11.096515930066124,0.34102017225603387,8,0
-17.660184007717728,2.122600386180389,0.4927813458649557,10,1
9.347963905884221,3.170404680548189,0.487467835463974,2,0
-0.8184073563770617,2.5807281777884983,0.4303164280423909,4,0
-8.793791110571135,13.399398481933133,0.07198081846332172,2,1
4.989824156590011,5.951414328816309,0.7892906546771047,2,0
-15.456271327987565,8.836980689554652,0.7706919707602339,11,1
-9.122503622159687,1.3281070692099473,0.9893495140420392,6,1
-1.7952030923425149,2.398437178542603,0.32073309234467307,9,0
-12.620007790796144,10.641736478760226,0.48235620858275297,3,2
-14.186326099299354,4.291296401856997,0.7381507548416897,11,1
-17.0642899185065,11.523186596519324,0.5536778335394333,11,2
8.265563634689155,10.369859498844809,0.3523088842091783,10,0
3.5075168422865097,18.43974951930345,0.19505472223636333,9,0
-3.991492060723676,18.880825565618547,0.3962772624917006,6,0
-9.505899364652619,8.49657066353801,0.12818511029909785,3,1
-6.351476694740009,9.415699940254145,0.7066425217489339,3,1
-3.299538419547396,12.915185845226118,0.013517271699720057,5,0
-14.946783466042543,15.209292125521333,0.9849291084414916,10,2
-14.086818835290433,17.507264798015214,0.7044936364116847,1,2
-0.3568785919373525,7.801720775604273,0.19454796969991128,8,0
-8.803778926846194,9.864949860519715,0.5791298040350491,11,1
0.22560846488841335,12.665378346749778,0.09949622618063814,10,0
-11.049867692375038,5.260516714855681,0.1636084208437122,4,1
-12.470383810517877,13.668689741078342,0.6838767411633063,6,2
-14.756398548645262,19.74200171848233,0.5611502124351744,2,2
-1.431945117096987,5.657718195727304,0.8948692007055198,11,0
-11.412228938504503,8.476163703471485,0.649863921702575,5,1
-18.15176044122592,3.2499683094888288,0.8950338588534369,6,1
0.6891555897671822,6.027835915327184,0.6259839139179536,7,0
-5.928798600021114,10.088494921268738,0.5850778163732161,11,1
0.088337696125528,19.41336055587741,0.17571524583682585,1,0
-17.31439409609473,8.675565488143073,0.35579312782099304,1,1
4.754046269842572,9.705112082944822,0.5434058521982641,4,0
-11.03410433639397,3.859680158780572,0.11618057425408912,8,1
-6.684320265782919,3.760314343925779,0.6531367332918554,4,1
-5.924675117216848,7.354170162550863,0.10061997722259008,3,1
-18.34671080178,17.757458637026605,0.7029917261468195,1,2
-6.196921203269362,3.8689445602387496,0.21037208152983577,1,1
6.902396497232338,4.214133301498125,0.22753387693646332,1,0
-18.9447610540521,18.236431872734855,0.775331929885916,1,2
-15.973927210209492,12.895134531801858,0.33966062048144274,3,2
5.271140014549658,15.212131627801234,0.1682110924335416,5,0
-16.51178959121358,10.728207661600608,0.43714810504503465,3,2
0.3093025693308533,9.94481695761287,0.09399092941660203,7,0
-1.7671169376972635,8.094117486583404,0.2252071002162016,3,0
9.888904127356774,16.91102390993799,0.6109594994322547,11,0
-8.951135970328714,7.468891822908709,0.38353451243397696,1,1
5.032873597172269,16.66012430402172,0.6981738607149051,1,0
4.537125304973184,0.7672772271140227,0.8707971723381132,9,0
-2.5229327235556624,13.976673408920657,0.8538659935252035,8,0
-19.61703720446308,17.431037129164956,0.4467395253113928,2,2
-18.37364767382021,14.50956068030974,0.08105956387760316,1,2
6.331388820908185,16.262999767276284,0.9578302174752765,7,0
-16.719322906715636,7.9458258589181145,0.3368477014471527,2,1
-13.618191016091806,12.071715753164112,0.5036199379736014,1,2
-13.614497418849277,13.375065088996275,0.5428781323608052,2,2
9.145490704124175,5.5247788324628715,0.7923907753588136,10,0
8.391359600751127,8.299955167415085,0.32694210025469495,10,0
-3.155661687899695,3.7186728174876915,0.22436917569848602,7,0
8.848060767246366,15.392843277673089,0.4883096428258451,4,0
-3.521945199546721,14.967216668572394,0.7839285884528,3,0
1.634778046416315,13.155775600723722,0.9591122919962939,2,0
-9.354628297080254,12.253686893492144,0.5853754227909563,8,1
5.378957682955999,8.550114074267324,0.2722405425060447,5,0
-16.421849838807695,4.491647653078021,0.5001979355227852,5,1
3.671218126061415,7.019512478521827,0.40465374164855017,9,0
-11.227547483472561,17.497944691958523,0.7717829390683478,4,2
9.676500502617582,3.3365940990052567,0.046684819899273755,9,0
-12.422419799458275,16.59287610705857,0.7039366670345154,3,2
-2.819515524299316,10.011617788965975,0.8555888940755634,1,0
-1.0823390807436937,8.991978120154746,0.18863224642407483,4,0
-4.14247395687673,16.21207696520322,0.7355207057935812,3,0
-1.0744688406466487,6.991703915687841,0.29267144575942416,11,0
7.5961280239162825,1.1031318120357092,0.8206415603544788,6,0
-17.17820539314234,19.02792744968831,0.6223166372485518,1,2
2.3894143770723026,0.16709408344277143,0.16859904843403684,11,0
7.976082574066716,9.762088942027553,0.63044811565799,1,0
0.15337810764597748,7.886822927013286,0.0012844255268014138,9,0
1.1697800162183967,9.784598004092258,0.3829373822916171,2,0
4.738790584026788,12.167000930633574,0.444352196097495,9,0
5.199946697318289,14.49825493248879,0.894761987012495,2,0
6.608263326486021,16.208731712312506,0.37430599340632464,10,0
9.922688171606627,5.621477708902263,0.6680194525125599,2,0
3.5957766131077378,6.250873044734444,0.9144417294873384,9,0
5.429209885277654,15.431394521116523,0.8808814237747367,9,0
-13.66375224236145,6.263641014072703,0.17884106850779935,9,1
5.218108683195759,9.457586444210902,0.03907868600195519,1,0
7.788398855452215,19.23262513250614,0.18949014589960422,8,0
-3.0241077932114138,3.1447133018846696,0.6906227420813416,9,0
0.4315033519133564,7.4575301840435575,0.14556750983323574,2,0
7.0353286965206685,15.013380285633097,0.48860492587798476,1,0
-4.180409612004208,17.72737294191082,0.8378732701193627,3,0
-18.684594425101103,6.532438114960176,0.6233144337590575,7,1
-3.289795810606144,17.879453368488583,0.9743494565240307,9,0
-6.851041759005023,5.253866197600104,0.1647177469429809,1,1
-4.562866511965986,4.003084224987337,0.3195894262599983,2,0
3.3701618177211294,0.40105419568017053,0.8904695739838898,11,0
4.369519981423565,15.048184664240186,0.7533129318792571,4,0
-16.694836392391007,14.425745379476533,0.15642691882161908,7,2
1.785684515863153,16.836507287305253,0.2990126796093461,9,0
0.13664669038952937,0.6289191011789508,0.7264967463374227,10,0
6.129027995876278,6.846681649219814,0.7697723073855856,8,0
-4.165636751131377,10.352596567959345,0.5778770814409091,1,0
8.940714364853829,1.471267084315313,0.05343460239101716,3,0
